fold,NLL,ratio_total,ratio_injury,ratio_slight,ratio_serious,ratio_fatal,MAE_total,RMSE_total,MAE_injury,RMSE_injury
1,11340.601122216083,1.0239820415777512,0.961640249531425,1.081101055149972,0.9401008425127428,0.7622584372308159,0.15879440431021252,0.380139678568207,0.038132993841251336,0.1450918255843358
2,11329.635870422526,1.0342508247405606,1.1822461311888834,1.0619322362212278,1.4127471417648243,0.687117399050623,0.16344361699185517,0.39880008469916567,0.037807662254100545,0.1368229300464184
3,11343.658270568058,1.0381753773123454,1.1620674798149537,1.4095589705338218,1.1997831144752737,1.0902974156427603,0.16342799269111788,0.37564882381163417,0.03755043638601718,0.13993005782701856
4,11256.579823883802,0.9676172925760563,0.8646896589019573,0.8597406826691776,0.7808635039829326,1.1975931008100618,0.16414282366741412,0.401584793052579,0.0403205634219414,0.16064568727303088
5,11383.052163729073,1.0261937020983327,1.0191765342675552,0.8672179034952833,0.9729141377604333,2.185229896462395,0.15991955062032173,0.4011410168483624,0.03841622169442575,0.14296036969907996
