fold,NLL,ratio_total,ratio_injury,ratio_slight,ratio_serious,ratio_fatal,MAE_total,RMSE_total,MAE_injury,RMSE_injury
1,11341.01300748927,1.0233865121925607,0.9614935455786715,1.0803394652256155,0.9407831719112858,0.762527304938298,0.1587813013574358,0.3799382971716605,0.03813118043442768,0.14507462120493414
2,11329.634747479593,1.0351255608254473,1.18328414410763,1.0624227556653152,1.4148062859380255,0.6881771246959211,0.1634789503872211,0.3988677433255831,0.03782459891808765,0.13682525115516458
3,11343.436705756758,1.0387058898277497,1.161969062032551,1.4080912287932525,1.199599112270474,1.0850870089946347,0.1634552904964449,0.3756110045484756,0.03754759156192534,0.1399292412823514
4,11256.473566518573,0.9684170970997427,0.8654966323856514,0.8593303705548514,0.7802245079906917,1.2008597107128423,0.1641920074029035,0.4016276656188283,0.04033897788144556,0.1606594594449548
5,11382.857654436884,1.026575061428849,1.0188016917865215,0.8671882142473741,0.9723492014563541,2.188263636330046,0.15992738066585963,0.40108258405881037,0.038406881620866945,0.1429656604434629
