fold,NLL,ratio_total,ratio_injury,ratio_slight,ratio_serious,ratio_fatal,MAE_total,RMSE_total,MAE_injury,RMSE_injury
1,11821.39350150429,1.1739737178150023,1.106571368537293,1.2360609571418222,1.0814475114771298,0.8760295966659397,0.17066869819145264,0.4218236912746107,0.04066826595758429,0.15465875792898784
2,11803.93096701406,1.179320827002176,1.3517339888519935,1.206484889423238,1.613476206294751,0.780594877344963,0.17632744954433627,0.44662696634456545,0.04050388649483492,0.14872284847051223
3,11856.234705675852,1.197048480917601,1.332621051196151,1.607974994844196,1.3756394195970167,1.2550998450341995,0.175296189859987,0.4400724118049492,0.039651426914072474,0.15133300883007297
4,11721.343083184516,1.0987489528438157,0.9549375438317603,0.9531961837014218,0.8613309265291262,1.3176453312901333,0.17503006415077177,0.43714210963086064,0.04212044895534329,0.16688805772391416
5,11828.835062582079,1.1645933149584062,1.1284935237068001,0.9632845376986431,1.0761243033767913,2.4112620935950164,0.17469596452011762,0.4495390160841938,0.0399874173779377,0.1491097308258685
